"date","open","high","low","close","volume"
"01/06/2021","3170","3170","3132","3153.39990234375","39515"
"31/05/2021","3150","3170","3129","3158.949951171875","81654"
"28/05/2021","3190","3197.64990234375","3137","3144.10009765625","90237"
"27/05/2021","3165.39990234375","3218","3162.949951171875","3180.199951171875","89498"
"26/05/2021","3123","3165","3104.75","3158.199951171875","63167"
"25/05/2021","3094","3127","3082.85009765625","3113.949951171875","89880"
"24/05/2021","3080.550048828125","3105","3075","3081.85009765625","34002"
"21/05/2021","3065","3087.89990234375","3055.35009765625","3080.39990234375","25700"
"20/05/2021","3074","3087.550048828125","3053","3060","44081"
"19/05/2021","3080","3118","3066.050048828125","3081.949951171875","63943"
"18/05/2021","3095","3123","3078.699951171875","3089.35009765625","71234"
"17/05/2021","3060","3077","3035.64990234375","3069.800048828125","101499"
"14/05/2021","3100","3100","3040.550048828125","3050.75","78135"
"12/05/2021","3139","3139","3070.5","3088.5","65098"
"11/05/2021","3130","3130","3092.199951171875","3123.199951171875","42943"
"10/05/2021","3140","3164","3126","3145.14990234375","36150"
"07/05/2021","3130","3160","3112.14990234375","3132","90326"
"06/05/2021","3108","3134.25","3074","3111.300048828125","197177"
"05/05/2021","3077.800048828125","3100","3053.699951171875","3096.35009765625","40810"
"04/05/2021","3060","3090","3035.199951171875","3048.949951171875","71115"
"03/05/2021","3034.699951171875","3057","3004.800048828125","3037","110455"
"30/04/2021","3111","3132.699951171875","3021","3038.39990234375","69616"
"29/04/2021","3142","3156.300048828125","3105.39990234375","3113.199951171875","62825"
"28/04/2021","3143","3150.5","3112","3123.800048828125","39238"
"27/04/2021","3103","3135.10009765625","3103","3131.60009765625","43362"
"26/04/2021","3109.800048828125","3151.949951171875","3088.10009765625","3101.10009765625","96633"
"23/04/2021","3105","3119.75","3092","3109.800048828125","67236"
"22/04/2021","3146.14990234375","3149.699951171875","3105.5","3119.10009765625","199595"
"20/04/2021","3215","3220","3127","3144.10009765625","108317"
"19/04/2021","3193.300048828125","3193.300048828125","3135.199951171875","3163.10009765625","56293"
"16/04/2021","3228.949951171875","3246.25","3182","3193.300048828125","106603"
"15/04/2021","3145","3240.550048828125","3086.199951171875","3218.949951171875","673685"
"13/04/2021","3230","3230","3074.550048828125","3105","247729"
"12/04/2021","3330","3343.89990234375","3217.75","3241.449951171875","149202"
"09/04/2021","3350","3358.800048828125","3308.75","3322.199951171875","98999"
"08/04/2021","3267.35009765625","3334.85009765625","3267.35009765625","3316.5","73583"
"07/04/2021","3262","3277.949951171875","3235.10009765625","3270.75","68444"
"06/04/2021","3278","3278","3229.89990234375","3263.85009765625","105514"
"05/04/2021","3171","3262.550048828125","3151.25","3239.300048828125","1005721"
"01/04/2021","3190","3215.699951171875","3146","3165.89990234375","105274"
"31/03/2021","3155","3205","3131.64990234375","3177.60009765625","192113"
"30/03/2021","3080","3188","3059.85009765625","3159.949951171875","216943"
"26/03/2021","3083","3118","3044","3068.14990234375","112808"
"25/03/2021","3120.949951171875","3129.699951171875","3051","3068.050048828125","50991"
"24/03/2021","3125","3151.699951171875","3111.5","3120.949951171875","49838"
"23/03/2021","3139.75","3168.5","3124","3142.050048828125","64888"
"22/03/2021","3060","3139","3018.050048828125","3129.60009765625","136270"
"19/03/2021","3032","3098","3004.449951171875","3063.25","202074"
"18/03/2021","3122","3145","2986.300048828125","3036.800048828125","94103"
"17/03/2021","3108","3156.75","3086","3112.699951171875","263394"
"16/03/2021","3064.85009765625","3139.89990234375","3063","3108.699951171875","294600"
"15/03/2021","3054","3098.89990234375","3043","3066.35009765625","53492"
"12/03/2021","3075","3115.64990234375","3042.050048828125","3056.89990234375","133299"
"10/03/2021","3080.199951171875","3092","3060.10009765625","3071.949951171875","83120"
"09/03/2021","3008.050048828125","3066.89990234375","2993","3049.949951171875","85833"
"08/03/2021","3039","3039","2996","3007.199951171875","39194"
"05/03/2021","3020","3063.449951171875","2997.35009765625","3007","63785"
"04/03/2021","3030","3081.550048828125","3019.89990234375","3047.699951171875","371283"
"03/03/2021","3030","3063.449951171875","2996.5","3058.64990234375","206125"
"02/03/2021","2970","3025.39990234375","2946.14990234375","3010.550048828125","168724"
"01/03/2021","2930","2964.949951171875","2900","2926.199951171875","210795"
"26/02/2021","2968.5","2971.89990234375","2881.35009765625","2896.050048828125","202274"
"25/02/2021","2980","3029.449951171875","2969.10009765625","2992.89990234375","497914"
"24/02/2021","2980.199951171875","3002.25","2701","2943.64990234375","719907"
"23/02/2021","2971.60009765625","3027.89990234375","2970","2980","140264"
"22/02/2021","3090","3090","2945.5","2958.75","233886"
"19/02/2021","3057.550048828125","3085.85009765625","3017.550048828125","3072.10009765625","129152"
"18/02/2021","3073","3098.75","3032","3057.550048828125","175502"
"17/02/2021","3109","3131.949951171875","3047","3073.5","140215"
"16/02/2021","3158.89990234375","3166.25","3100.25","3109.300048828125","136791"
"15/02/2021","3206","3206","3131","3139.949951171875","104489"
"12/02/2021","3197","3245.800048828125","3183.39990234375","3191.14990234375","64320"
"11/02/2021","3223","3223","3186","3205.85009765625","38475"
"10/02/2021","3177","3219.300048828125","3158.949951171875","3210.949951171875","61444"
"09/02/2021","3200","3245.14990234375","3165.050048828125","3175.800048828125","123700"
"08/02/2021","3185.199951171875","3224.949951171875","3155.5","3215.14990234375","132081"
"05/02/2021","3191.10009765625","3200","3129.5","3158.050048828125","69573"
"04/02/2021","3206","3233.949951171875","3177","3187.300048828125","434127"
"03/02/2021","3207","3235.14990234375","3164.60009765625","3199.10009765625","101798"
"02/02/2021","3161","3224.550048828125","3154.5","3203","115905"
"01/02/2021","3104","3165","3045.10009765625","3140.699951171875","158508"
"29/01/2021","3206","3215","3100.5","3112.89990234375","96018"
"28/01/2021","3240","3272.699951171875","3183.949951171875","3199.449951171875","555279"
"27/01/2021","3300","3305.300048828125","3227.14990234375","3261.050048828125","586936"
"25/01/2021","3295","3345.25","3277.699951171875","3290.199951171875","107916"
"22/01/2021","3249.10009765625","3323.89990234375","3249.050048828125","3303.39990234375","316515"
"21/01/2021","3308","3310","3262","3274.800048828125","85349"
"20/01/2021","3265","3327","3265","3308.199951171875","1574806"
"19/01/2021","3229","3279","3229","3265.14990234375","94206"
"18/01/2021","3249","3255.5","3186.60009765625","3220.800048828125","167704"
"15/01/2021","3244.35009765625","3273.85009765625","3210.10009765625","3233.60009765625","162323"
"14/01/2021","3164","3267","3120","3250.14990234375","531550"
"13/01/2021","3179.949951171875","3179.949951171875","3127.10009765625","3158.800048828125","653157"
"12/01/2021","3179.949951171875","3208.10009765625","3150.949951171875","3172.85009765625","132445"
"11/01/2021","3215","3224","3147.449951171875","3175.050048828125","253600"
"08/01/2021","3085.199951171875","3127.550048828125","3061.800048828125","3120.35009765625","210057"
"07/01/2021","3075","3079.800048828125","3001","3032.699951171875","160557"
"06/01/2021","3102.14990234375","3114.449951171875","3037.800048828125","3052.949951171875","118089"
"05/01/2021","3044.10009765625","3112.75","3040","3092.300048828125","188379"
"04/01/2021","2950","3050","2942","3039.25","208783"
"01/01/2021","2879","2939.89990234375","2877.300048828125","2928.199951171875","152353"
"31/12/2020","2902","2906.050048828125","2845","2870.199951171875","834286"
"30/12/2020","2937","2947","2904","2908.85009765625","175469"
"29/12/2020","2928.25","2951.89990234375","2924.199951171875","2930.64990234375","47486"
"28/12/2020","2912.85009765625","2949.89990234375","2902.300048828125","2928.25","80008"
"24/12/2020","2914.85009765625","2921.949951171875","2884","2908.449951171875","63577"
"23/12/2020","2889","2918","2866.050048828125","2907.199951171875","84950"
"22/12/2020","2830","2883.10009765625","2819","2870.800048828125","90096"
"21/12/2020","2865","2888.550048828125","2782.89990234375","2818.75","181011"
"18/12/2020","2861","2898","2847","2862.60009765625","155614"
"17/12/2020","2813.949951171875","2849","2805.550048828125","2837.89990234375","74645"
"16/12/2020","2775","2819.75","2761.199951171875","2813.25","71532"
"15/12/2020","2790","2795","2756","2761.199951171875","108436"
"14/12/2020","2800.10009765625","2806.199951171875","2757","2796.5","57915"
"11/12/2020","2795","2807","2765","2783.449951171875","55137"
"10/12/2020","2820","2824.64990234375","2780.14990234375","2784.14990234375","50596"
"09/12/2020","2818","2840","2793.85009765625","2809.800048828125","108846"
"08/12/2020","2745","2804.85009765625","2733","2796.39990234375","97986"
"07/12/2020","2719","2743","2706.300048828125","2736","44595"
"04/12/2020","2706","2738.050048828125","2700","2726","67094"
"03/12/2020","2768.550048828125","2768.800048828125","2702.300048828125","2708.449951171875","392788"
"02/12/2020","2720","2753.699951171875","2702.25","2749.14990234375","103473"
"01/12/2020","2680","2735","2625.10009765625","2726.949951171875","90136"
"27/11/2020","2700","2717.949951171875","2670","2679.14990234375","110671"
"26/11/2020","2686.64990234375","2729.949951171875","2681","2720.85009765625","60434"
"25/11/2020","2727","2730","2688.39990234375","2700.699951171875","198420"
"24/11/2020","2738","2743","2705","2722.10009765625","103065"
"23/11/2020","2685","2730","2666","2724","129100"
"20/11/2020","2655","2675","2628.25","2659.60009765625","146090"
"19/11/2020","2630","2678.60009765625","2630","2637.050048828125","114908"
"18/11/2020","2665","2665","2608.050048828125","2625.89990234375","139122"
"17/11/2020","2685","2690","2650.35009765625","2666.199951171875","87495"
"13/11/2020","2656","2663.949951171875","2636.449951171875","2657.300048828125","436036"
"12/11/2020","2687","2711.64990234375","2662.550048828125","2670.699951171875","75051"
"11/11/2020","2645.300048828125","2691.85009765625","2644.25","2688.550048828125","179045"
"10/11/2020","2725","2725","2640","2649.949951171875","182867"
"09/11/2020","2738.25","2743.800048828125","2695.050048828125","2725.89990234375","124207"
"06/11/2020","2695","2713.35009765625","2681.699951171875","2708.25","86947"
"05/11/2020","2681","2709.75","2667.39990234375","2687.25","114531"
"04/11/2020","2625","2720.449951171875","2615","2653.25","129239"
"03/11/2020","2604.699951171875","2664.75","2602","2632.64990234375","66138"
"02/11/2020","2665","2665","2600","2603.85009765625","106105"
"30/10/2020","2639","2673.949951171875","2621.64990234375","2664.85009765625","77960"
"29/10/2020","2605","2654.449951171875","2601","2633.699951171875","86748"
"28/10/2020","2653","2656.35009765625","2607.199951171875","2621.75","471923"
"27/10/2020","2696.85009765625","2717","2625","2631.449951171875","86794"
"26/10/2020","2695","2709.800048828125","2671.699951171875","2687.64990234375","72725"
"23/10/2020","2684","2706.050048828125","2670.550048828125","2686.449951171875","69850"
"22/10/2020","2666.800048828125","2687.25","2638.550048828125","2670.800048828125","151372"
"21/10/2020","2739","2749.60009765625","2663.10009765625","2675.449951171875","109319"
"20/10/2020","2722","2760","2720","2738.39990234375","56441"
"19/10/2020","2777","2777","2706.60009765625","2711.449951171875","90310"
"16/10/2020","2751","2771.199951171875","2733.449951171875","2762.5","64823"
"15/10/2020","2810.10009765625","2827","2727","2738.699951171875","589029"
"14/10/2020","2840.14990234375","2840.14990234375","2788.949951171875","2809.800048828125","86667"
"13/10/2020","2845","2855","2813.25","2825.64990234375","149828"
"12/10/2020","2818.89990234375","2853.64990234375","2802","2831.199951171875","191337"
"09/10/2020","2823","2828.75","2781","2814.949951171875","186388"
"08/10/2020","2825","2885","2800","2824.800048828125","692625"
"07/10/2020","2738","2769","2703","2737.39990234375","277896"
"06/10/2020","2736","2736","2649.35009765625","2716.14990234375","330035"
"05/10/2020","2610","2727","2604","2706.85009765625","473381"
"01/10/2020","2509.800048828125","2539","2492","2522.75","55334"
"30/09/2020","2495","2505.050048828125","2459.25","2491.5","438317"
"29/09/2020","2439","2512","2434","2487.25","192086"
"28/09/2020","2435","2442.800048828125","2365.85009765625","2425.35009765625","158816"
"25/09/2020","2370","2439.800048828125","2350.050048828125","2422.300048828125","236610"
"24/09/2020","2450","2450","2302.5","2331.5","189137"
"23/09/2020","2510","2517","2410","2467.14990234375","238132"
"22/09/2020","2484.800048828125","2554","2458.449951171875","2523.550048828125","264321"
"21/09/2020","2460","2505","2453.60009765625","2464.60009765625","127699"
"18/09/2020","2480","2501","2435.75","2450.75","57975"
"17/09/2020","2487","2495","2452.60009765625","2460.050048828125","83371"
"16/09/2020","2490","2507.10009765625","2478.5","2502.64990234375","100286"
"15/09/2020","2487.5","2538","2459.89990234375","2490.25","437465"
"14/09/2020","2377","2504.199951171875","2377","2492.300048828125","191774"
"11/09/2020","2348","2382.64990234375","2331","2373.699951171875","174945"
"10/09/2020","2329","2348.89990234375","2324.85009765625","2331.60009765625","79509"
"09/09/2020","2325","2359.14990234375","2320","2323.75","101324"
"08/09/2020","2330.5","2389.5","2326.60009765625","2348.949951171875","251949"
"07/09/2020","2288","2342","2283","2327.39990234375","182399"
"04/09/2020","2242","2323.5","2242","2289.75","153313"
"03/09/2020","2265.10009765625","2323.800048828125","2265.10009765625","2299.550048828125","109805"
"02/09/2020","2249","2268.35009765625","2242","2264.800048828125","408776"
"01/09/2020","2265","2278.10009765625","2241.5","2245.300048828125","54703"
"31/08/2020","2241","2275.85009765625","2228.300048828125","2256.35009765625","121315"
"28/08/2020","2265","2280","2234.5","2237.10009765625","75463"
"27/08/2020","2261.050048828125","2287","2242.35009765625","2247.89990234375","134823"
"26/08/2020","2245","2260","2217.050048828125","2254.64990234375","76925"
"25/08/2020","2250","2250","2235","2242.25","44505"
"24/08/2020","2248","2259.14990234375","2230","2247.949951171875","69290"
"21/08/2020","2254","2270.300048828125","2242","2248.199951171875","54539"
"20/08/2020","2257","2276","2240","2252","137977"
"19/08/2020","2273.89990234375","2283.949951171875","2253","2256.25","70011"
"18/08/2020","2264.800048828125","2288.5","2250","2269.39990234375","63828"
"17/08/2020","2255","2268.85009765625","2239","2252.050048828125","98833"
"14/08/2020","2274.39990234375","2281.25","2233.14990234375","2242.449951171875","98443"
"13/08/2020","2277.5","2299.449951171875","2250.5","2255.5","64899"
"12/08/2020","2281","2303.5","2247.199951171875","2256.699951171875","98143"
"11/08/2020","2285","2312.39990234375","2276.10009765625","2279.25","53937"
"10/08/2020","2310","2324.35009765625","2275.64990234375","2281.60009765625","50885"
"07/08/2020","2318.89990234375","2327","2287.800048828125","2294.949951171875","149776"
"06/08/2020","2271.10009765625","2317.75","2264.35009765625","2307.699951171875","136621"
"05/08/2020","2264.949951171875","2299.949951171875","2253.300048828125","2258.800048828125","227082"
"04/08/2020","2260","2269.300048828125","2226","2249.14990234375","98064"
"03/08/2020","2299","2302.449951171875","2232","2251.300048828125","216125"
"31/07/2020","2300.5","2335","2258.5","2282.449951171875","115665"
"30/07/2020","2292","2357.14990234375","2273.64990234375","2277.949951171875","209369"
"29/07/2020","2292","2342","2247","2275.050048828125","173540"
"28/07/2020","2214","2320","2214","2309.199951171875","345610"
"27/07/2020","2160","2215","2160","2205.800048828125","110937"
"24/07/2020","2158.800048828125","2162.10009765625","2125.85009765625","2157.050048828125","106972"
"23/07/2020","2190","2191","2162.449951171875","2170.75","63185"
"22/07/2020","2232.300048828125","2237","2185","2189.949951171875","128289"
"21/07/2020","2227","2240.699951171875","2202","2225.60009765625","133461"
"20/07/2020","2200","2226","2191.199951171875","2209.75","108192"
"17/07/2020","2255","2255","2190.10009765625","2201.35009765625","167683"
"16/07/2020","2264","2332","2220.949951171875","2233.64990234375","260133"
"15/07/2020","2183","2259.14990234375","2183","2233.550048828125","141346"
"14/07/2020","2217","2237.449951171875","2166.300048828125","2171.699951171875","105794"
"13/07/2020","2225","2244.5","2210.75","2219.550048828125","91299"
"10/07/2020","2200","2249.14990234375","2177.25","2221.64990234375","259682"
"09/07/2020","2225","2244.64990234375","2192.60009765625","2204.35009765625","119208"
"08/07/2020","2275","2275","2209.800048828125","2217.64990234375","107819"
"07/07/2020","2269","2301.85009765625","2232.75","2269.949951171875","192542"
"06/07/2020","2208.699951171875","2269","2206.25","2263.10009765625","1248594"
"03/07/2020","2160.050048828125","2203.14990234375","2160.050048828125","2199","129718"
"02/07/2020","2096.10009765625","2165","2096.10009765625","2158.35009765625","159176"
"01/07/2020","2085.050048828125","2113.64990234375","2081.550048828125","2092.550048828125","85048"
"30/06/2020","2090","2111","2075.85009765625","2082.199951171875","144796"
"29/06/2020","2114","2127","2091.800048828125","2101.85009765625","113144"
"26/06/2020","2025","2129.800048828125","2020","2115.60009765625","285133"
"25/06/2020","2027.25","2059.75","2008","2010.9000244140625","401416"
"24/06/2020","2037","2064","2033.75","2042.3499755859375","183408"
"23/06/2020","2017","2043.8499755859375","2010","2035.4000244140625","925309"
"22/06/2020","2045.050048828125","2050","2020","2028.300048828125","210773"
"19/06/2020","2046.9000244140625","2090","2032.199951171875","2047.050048828125","154262"
"18/06/2020","2035.050048828125","2059","2026","2036.800048828125","107922"
"17/06/2020","2042","2058.89990234375","2027.6500244140625","2047.75","1555595"
"16/06/2020","2061","2072.550048828125","2031","2044.949951171875","274912"
"15/06/2020","2040","2058","2000.5999755859375","2030.050048828125","70028"
"12/06/2020","2009","2049","2009","2038.699951171875","94325"
"11/06/2020","2102","2103.75","2062.5","2067.800048828125","80173"
"10/06/2020","2073","2132.050048828125","2073","2108.300048828125","183320"
"09/06/2020","2068.89990234375","2096.85009765625","2061.10009765625","2073.35009765625","72244"
"08/06/2020","2073","2095","2062.60009765625","2071.39990234375","248364"
"05/06/2020","2093.89990234375","2094.949951171875","2040.9000244140625","2048.10009765625","133484"
"04/06/2020","2045.3499755859375","2100","2045.3499755859375","2093.89990234375","115956"
"03/06/2020","2047.1500244140625","2064","2019.5999755859375","2045.3499755859375","96580"
"02/06/2020","2054.89990234375","2081","2040","2046.9000244140625","74927"
"01/06/2020","1995","2060","1982","2044.6500244140625","129607"
"29/05/2020","1995","2002.3499755859375","1962.9000244140625","1971.550048828125","222964"
"28/05/2020","1996.699951171875","2013","1971.25","2005.199951171875","110455"
"27/05/2020","1956.0999755859375","2010","1941.199951171875","2005.0999755859375","85566"
"26/05/2020","2020","2022","1925","1943.3499755859375","111751"
"22/05/2020","1973","2030","1966","2018.949951171875","84400"
"21/05/2020","1952.800048828125","1997","1942.050048828125","1991.550048828125","73577"
"20/05/2020","1945.199951171875","1963.0999755859375","1932.800048828125","1952.449951171875","68859"
"19/05/2020","1869.5","1965.800048828125","1869.5","1948.25","547420"
"18/05/2020","1901","1949.449951171875","1873.5999755859375","1944.8499755859375","97858"
"15/05/2020","1908","1919","1867","1893.300048828125","72171"
"14/05/2020","1922","1922.4000244140625","1892","1900.800048828125","67890"
"13/05/2020","1999","1999","1926.300048828125","1949.449951171875","63153"
"12/05/2020","1928","1957.199951171875","1911.3499755859375","1948.949951171875","97123"
"11/05/2020","1920","1952.0999755859375","1909.8499755859375","1935.300048828125","212252"
"08/05/2020","1945","1945","1887","1893.5","64653"
"07/05/2020","1917","1934.75","1886.300048828125","1891.25","86388"
"06/05/2020","1935","1953.300048828125","1895.050048828125","1904.25","84763"
"05/05/2020","1960","1976","1926.1500244140625","1931.5","67646"
"04/05/2020","1960","1965","1914.050048828125","1929.1500244140625","117290"
"30/04/2020","1963","2030","1943","2014.8499755859375","146238"
"29/04/2020","1872.3499755859375","1911.300048828125","1851","1905.199951171875","138273"
"28/04/2020","1866.5","1867","1833","1859.4000244140625","56291"
"27/04/2020","1830.0999755859375","1875","1825.949951171875","1837.300048828125","82109"
"24/04/2020","1840.0999755859375","1851.5999755859375","1807.5","1818.300048828125","93384"
"23/04/2020","1786","1891.699951171875","1768.050048828125","1876.9000244140625","453645"
"22/04/2020","1746","1789.0999755859375","1720.3499755859375","1771.199951171875","103696"
"21/04/2020","1775","1794","1728.75","1737.25","149222"
"20/04/2020","1827","1829","1803","1818.800048828125","101688"
"17/04/2020","1800","1851.8499755859375","1752.800048828125","1806.800048828125","309427"
"16/04/2020","1701","1762.9000244140625","1677.5999755859375","1715.5999755859375","240124"
"15/04/2020","1770","1812.25","1728.9000244140625","1734.449951171875","150148"
"13/04/2020","1769.800048828125","1786","1747","1758.4000244140625","72307"
"09/04/2020","1745","1778.449951171875","1733","1765.9000244140625","126479"
"08/04/2020","1760","1805","1701","1705.5999755859375","159832"
"07/04/2020","1703.300048828125","1785","1703.300048828125","1775.050048828125","167673"
"03/04/2020","1731.300048828125","1740","1650","1654.4000244140625","170043"
"01/04/2020","1830","1834","1702.25","1709.550048828125","212968"
"31/03/2020","1826","1856","1780","1823.050048828125","133416"
"30/03/2020","1769","1907","1763.3499755859375","1776.1500244140625","1324734"
"27/03/2020","1839","1850","1752","1818.5999755859375","197136"
"26/03/2020","1815","1880.9000244140625","1723","1806.699951171875","143192"
"25/03/2020","1700","1810","1681","1752.199951171875","104880"
"24/03/2020","1740","1767.5999755859375","1652.050048828125","1702.8499755859375","156649"
"23/03/2020","1648.199951171875","1742.550048828125","1620","1662.6500244140625","173724"
"20/03/2020","1637","1867.949951171875","1627","1798","330779"
"19/03/2020","1581","1685.75","1547.300048828125","1636.0999755859375","244595"
"18/03/2020","1688","1712.3499755859375","1628","1650.949951171875","204763"
"17/03/2020","1725","1731","1623","1658.199951171875","239263"
"16/03/2020","1769","1843.3499755859375","1677","1698.050048828125","225552"
"13/03/2020","1690.6500244140625","1819","1504.4000244140625","1807.300048828125","364701"
"12/03/2020","1915","1915","1759.199951171875","1769.8499755859375","519323"
"11/03/2020","1955","1988.3499755859375","1923.5999755859375","1954.550048828125","461132"
"09/03/2020","2117.89990234375","2117.89990234375","2117.89990234375","2117.89990234375","0"
"06/03/2020","2125","2125","2073","2117.89990234375","55592"
"05/03/2020","2085","2147","2085","2124.89990234375","73872"
"04/03/2020","2045.5","2093","2026","2083.14990234375","83356"
"03/03/2020","2004","2060","2004","2038.9000244140625","68762"
"02/03/2020","2025.0999755859375","2054.60009765625","1985.699951171875","1999.9000244140625","103572"
"28/02/2020","2080","2080","1990.4000244140625","2000.949951171875","135017"
"27/02/2020","2140","2140","2086.85009765625","2103.89990234375","83108"
"26/02/2020","2156","2163.60009765625","2113.10009765625","2123.050048828125","51900"
"25/02/2020","2117","2176","2111.050048828125","2155.89990234375","52702"
"24/02/2020","2157","2178.949951171875","2106.64990234375","2116.300048828125","80671"
"20/02/2020","2215","2215","2152.050048828125","2156.300048828125","186124"
"19/02/2020","2215","2228.85009765625","2190.10009765625","2194.60009765625","58248"
"18/02/2020","2209.89990234375","2221.35009765625","2186.75","2215.300048828125","96139"
"17/02/2020","2199.89990234375","2216.14990234375","2190","2203.25","77670"
"14/02/2020","2181","2211.550048828125","2170.949951171875","2183.800048828125","58034"
"13/02/2020","2170","2197","2169.949951171875","2191.60009765625","73682"
"12/02/2020","2157","2184.800048828125","2152","2170.5","75247"
"11/02/2020","2164.89990234375","2174","2147","2151.64990234375","48006"
"10/02/2020","2136.699951171875","2166.949951171875","2119.800048828125","2162.35009765625","72009"
"07/02/2020","2142","2150.60009765625","2119","2136.699951171875","73624"
"06/02/2020","2155","2174.25","2116","2128.699951171875","541706"
"05/02/2020","2125","2158","2105.75","2145.25","115764"
"04/02/2020","2134.89990234375","2137.550048828125","2087.949951171875","2107.699951171875","116533"
"03/02/2020","2164","2193.949951171875","2093.75","2103.14990234375","162662"
"31/01/2020","2140","2145","2072.39990234375","2079.300048828125","116613"
"30/01/2020","2161","2165.449951171875","2125.5","2138.050048828125","78850"
"29/01/2020","2187.25","2187.60009765625","2148.64990234375","2152.699951171875","179971"
"28/01/2020","2172.300048828125","2187.14990234375","2153","2184.050048828125","158542"
"27/01/2020","2180","2193.449951171875","2165","2168.64990234375","69104"
"24/01/2020","2193.449951171875","2193.449951171875","2170.60009765625","2184.60009765625","84902"
"23/01/2020","2206.5","2217.199951171875","2182.39990234375","2193.449951171875","125220"
"22/01/2020","2175.5","2210.10009765625","2175.5","2206.5","90713"
"21/01/2020","2174.949951171875","2185","2160","2171.449951171875","43940"
"20/01/2020","2194","2241.64990234375","2156.699951171875","2170.25","214236"
"17/01/2020","2242","2254.199951171875","2213.050048828125","2218.050048828125","71372"
"16/01/2020","2225","2248.949951171875","2220.39990234375","2238.39990234375","61468"
"15/01/2020","2219","2231.550048828125","2195","2226.550048828125","52151"
"14/01/2020","2199","2229.75","2198.75","2207.199951171875","121577"
"13/01/2020","2221","2221","2185.199951171875","2191","109319"
"10/01/2020","2216","2233","2208","2213.85009765625","118682"
"09/01/2020","2251.050048828125","2251.050048828125","2210.449951171875","2216","102267"
"08/01/2020","2200","2259.949951171875","2200","2255.050048828125","109402"
"07/01/2020","2201","2214.800048828125","2184","2205.14990234375","44109"
"06/01/2020","2201","2226.39990234375","2188.300048828125","2200.14990234375","84845"
"03/01/2020","2169","2223","2162.550048828125","2200.39990234375","330173"
"02/01/2020","2173.10009765625","2177.89990234375","2150","2157.449951171875","56619"
"01/01/2020","2170","2183.35009765625","2154.25","2169.800048828125","36398"
"31/12/2019","2185.25","2196.800048828125","2158.300048828125","2161.300048828125","39005"
"30/12/2019","2202","2224.550048828125","2176.5","2182.89990234375","49371"
"27/12/2019","2210","2214.60009765625","2178.35009765625","2198.14990234375","60961"
"26/12/2019","2219","2227.89990234375","2197.10009765625","2201.050048828125","49606"
"24/12/2019","2244.949951171875","2244.949951171875","2210.89990234375","2215.050048828125","39616"
"23/12/2019","2217","2241.39990234375","2211.60009765625","2232.449951171875","53150"
"20/12/2019","2225","2246.14990234375","2209.39990234375","2222.550048828125","139678"
"19/12/2019","2165.14990234375","2235.85009765625","2165","2228.64990234375","170417"
"18/12/2019","2172","2203.60009765625","2152.35009765625","2167.25","189902"
"17/12/2019","2130","2169","2119.25","2165.64990234375","194169"
"16/12/2019","2095","2135.699951171875","2080.949951171875","2127.550048828125","184800"
"13/12/2019","2023","2076.449951171875","2007.4000244140625","2071.699951171875","197206"
"12/12/2019","2047","2083.35009765625","1983.8499755859375","2016.75","192895"
"11/12/2019","2021.050048828125","2047","2007.949951171875","2041.199951171875","239416"
"10/12/2019","2063.39990234375","2063.550048828125","2005","2012.5","148258"
"09/12/2019","2110","2128.14990234375","2054.050048828125","2060.699951171875","89534"
"06/12/2019","2130","2130","2101","2122.949951171875","184863"
"05/12/2019","2065","2126","2065","2121.5","251530"
"04/12/2019","2045","2081.85009765625","2045","2079","269706"
"03/12/2019","2025.0999755859375","2061.800048828125","2011","2050.39990234375","792810"
"02/12/2019","2060","2079","2017","2020.949951171875","191856"
"29/11/2019","2085","2085","2046","2052.699951171875","104712"
"28/11/2019","2069.800048828125","2093.949951171875","2061.300048828125","2077.35009765625","93915"
"27/11/2019","2048.14990234375","2071","2047.550048828125","2053.449951171875","97304"
"26/11/2019","2090","2097.89990234375","2036","2046.9000244140625","142885"
"25/11/2019","2082","2085.699951171875","2053.199951171875","2080.199951171875","126304"
"22/11/2019","2110","2110","2061","2070.550048828125","146157"
"21/11/2019","2110","2126.75","2108.14990234375","2117.050048828125","74769"
"20/11/2019","2116.10009765625","2135.800048828125","2095.10009765625","2108","76522"
"19/11/2019","2152","2153.949951171875","2105.10009765625","2108.300048828125","100949"
"18/11/2019","2187","2187.64990234375","2148.14990234375","2151.75","406587"
"15/11/2019","2199","2211","2168.550048828125","2174.800048828125","70965"
"14/11/2019","2181","2199.550048828125","2145.35009765625","2195.60009765625","106873"
"13/11/2019","2110.199951171875","2182","2110.199951171875","2178.550048828125","135698"
"11/11/2019","2144","2144","2091.300048828125","2099.699951171875","142808"
"08/11/2019","2185.5","2188.25","2124.75","2129.949951171875","110688"
"07/11/2019","2196.10009765625","2203.85009765625","2176.050048828125","2185.5","44386"
"06/11/2019","2201.60009765625","2210.800048828125","2178.949951171875","2188.39990234375","57283"
"05/11/2019","2192","2211.89990234375","2169.10009765625","2201.60009765625","58756"
"04/11/2019","2224.89990234375","2229.699951171875","2181.550048828125","2193.800048828125","134752"
"01/11/2019","2270","2274.199951171875","2195.5","2202.050048828125","109603"
"31/10/2019","2250","2285.5","2238","2270.199951171875","118046"
"30/10/2019","2217","2260","2176.75","2253.64990234375","152519"
"29/10/2019","2116.60009765625","2200.949951171875","2116.60009765625","2196","157630"
"25/10/2019","2088","2129.5","2075","2125.050048828125","108564"
"24/10/2019","2075.10009765625","2099","2062","2082.199951171875","149770"
"23/10/2019","2065","2084","2052.60009765625","2075.25","60167"
"22/10/2019","2081","2109.949951171875","2040.449951171875","2051.64990234375","119818"
"18/10/2019","2038","2064","2025.0999755859375","2057.35009765625","85260"
"17/10/2019","2015","2037.800048828125","2001","2030.699951171875","131597"
"16/10/2019","2039","2056","2016.5","2045.8499755859375","81105"
"15/10/2019","2028.800048828125","2046.9000244140625","2024.199951171875","2037.4000244140625","137747"
"14/10/2019","2000","2031.9000244140625","1969","2020.949951171875","113276"
"11/10/2019","1933","1994.4000244140625","1929","1987.050048828125","477346"
"10/10/2019","2028","2039","1998.8499755859375","2004.4000244140625","219994"
"09/10/2019","2052.85009765625","2056.699951171875","2015.800048828125","2020.6500244140625","87599"
"07/10/2019","2080","2094.800048828125","2041.050048828125","2052.85009765625","95756"
"04/10/2019","2079.699951171875","2087","2054.75","2078.64990234375","44798"
"03/10/2019","2070","2081.050048828125","2047","2058.85009765625","82996"
"01/10/2019","2099.5","2099.550048828125","2040.300048828125","2059.699951171875","76242"
"30/09/2019","2060.10009765625","2103.89990234375","2060.10009765625","2099.199951171875","113250"
"27/09/2019","2087","2087","2053","2056.699951171875","84102"
"26/09/2019","2091","2106.949951171875","2063","2087.64990234375","97699"
"25/09/2019","2057","2092.050048828125","2057","2087.800048828125","167063"
"24/09/2019","2015","2062.35009765625","2013.699951171875","2044.300048828125","233358"
"23/09/2019","2085","2089","1975","2014.75","470064"
"20/09/2019","2102.5","2129.25","2055.60009765625","2065.60009765625","261727"
"19/09/2019","2138.85009765625","2138.89990234375","2091.550048828125","2102.14990234375","74797"
"18/09/2019","2115","2143.75","2114.300048828125","2138.25","81032"
"17/09/2019","2154","2155.85009765625","2107","2121.35009765625","120315"
"16/09/2019","2150.35009765625","2173.5","2127.300048828125","2149.14990234375","96788"
"13/09/2019","2138","2157.89990234375","2116.199951171875","2141.35009765625","113836"
"12/09/2019","2154","2164.949951171875","2120.64990234375","2133.85009765625","77824"
"11/09/2019","2192","2200","2147.050048828125","2153.949951171875","83914"
"09/09/2019","2203","2203","2180","2183.300048828125","48168"
"06/09/2019","2215","2231.699951171875","2190.85009765625","2197.64990234375","56482"
"05/09/2019","2246.64990234375","2253.10009765625","2208","2215.800048828125","54328"
"04/09/2019","2269.699951171875","2269.89990234375","2234","2246.10009765625","44608"
"03/09/2019","2259","2296","2237.14990234375","2252.25","69973"
"30/08/2019","2236.050048828125","2266.10009765625","2218","2258.050048828125","56766"
"29/08/2019","2239","2248","2222.050048828125","2233.300048828125","31047"
"28/08/2019","2242","2251.10009765625","2216.050048828125","2239.64990234375","38316"
"27/08/2019","2270","2273","2229","2237","203658"
"26/08/2019","2254","2280","2225.199951171875","2275.10009765625","78887"
"23/08/2019","2221.5","2260","2212.75","2247.550048828125","83246"
"22/08/2019","2186.050048828125","2235","2171","2214.89990234375","67488"
"21/08/2019","2187","2202.5","2180.949951171875","2185.85009765625","64591"
"20/08/2019","2168.5","2205.699951171875","2168","2187.14990234375","294610"
"19/08/2019","2167","2185","2158.199951171875","2163.550048828125","45987"
"16/08/2019","2233","2237","2145.89990234375","2163.5","168125"
"14/08/2019","2182","2217.800048828125","2168.800048828125","2204.64990234375","254492"
"13/08/2019","2250.199951171875","2250.199951171875","2195","2200.199951171875","78148"
"09/08/2019","2270","2270","2242","2245.60009765625","47328"
"08/08/2019","2222","2280.85009765625","2220","2258.85009765625","91474"
"07/08/2019","2220","2238.5","2208.39990234375","2214","59921"
"06/08/2019","2232","2251.75","2211.550048828125","2215.449951171875","66361"
"05/08/2019","2185","2250.39990234375","2185","2248.550048828125","105681"
"02/08/2019","2179.89990234375","2210","2166.39990234375","2206.050048828125","192986"
"01/08/2019","2206","2217","2166.85009765625","2179.89990234375","59288"
"31/07/2019","2175","2210.949951171875","2148.300048828125","2205.39990234375","73304"
"30/07/2019","2125","2184.699951171875","2121","2179","81306"
"29/07/2019","2111","2141.75","2103.60009765625","2129.5","64054"
"26/07/2019","2111","2130.10009765625","2096","2108.800048828125","43813"
"25/07/2019","2115","2134.800048828125","2094","2128.300048828125","60682"
"24/07/2019","2115","2120.64990234375","2076.60009765625","2096.699951171875","91060"
"23/07/2019","2127.800048828125","2128.949951171875","2102.949951171875","2111.800048828125","90107"
"22/07/2019","2080","2117","2068.85009765625","2109.699951171875","72161"
"19/07/2019","2095","2096.75","2064","2076.949951171875","89018"
"18/07/2019","2115","2115","2060","2065.60009765625","95604"
"17/07/2019","2106","2125","2092.550048828125","2117.14990234375","94758"
"16/07/2019","2131.64990234375","2131.64990234375","2100.300048828125","2105.300048828125","137617"
"15/07/2019","2120","2153","2099","2145.199951171875","74130"
"12/07/2019","2108.5","2118","2094.050048828125","2107.949951171875","59397"
"11/07/2019","2124.60009765625","2128.10009765625","2087.050048828125","2101.449951171875","102758"
"10/07/2019","2081","2127.64990234375","2070.10009765625","2107.699951171875","264565"
"09/07/2019","2170.5","2175","2090","2131.449951171875","1132727"
"08/07/2019","2159","2184","2131","2176.10009765625","131169"
"05/07/2019","2241","2250","2139","2161.64990234375","1222990"
"04/07/2019","2237.300048828125","2251.800048828125","2232","2242.60009765625","55390"
"03/07/2019","2259.89990234375","2259.89990234375","2232.5","2237.199951171875","59889"
"02/07/2019","2240","2257.35009765625","2216.199951171875","2252.75","98136"
"01/07/2019","2239.64990234375","2255","2207.64990234375","2239.699951171875","106178"
"28/06/2019","2255","2261.25","2222.949951171875","2227.25","99596"
"27/06/2019","2256.39990234375","2264.800048828125","2242.300048828125","2252.64990234375","41248"
"26/06/2019","2272.89990234375","2272.89990234375","2251.10009765625","2253.699951171875","67735"
"25/06/2019","2277","2277","2250.89990234375","2266.75","62663"
"24/06/2019","2250","2279.89990234375","2250","2275","83606"
"21/06/2019","2280","2290.64990234375","2242.050048828125","2249.949951171875","115557"
"20/06/2019","2230","2285","2214.050048828125","2279","133605"
"19/06/2019","2253","2275","2244.39990234375","2259.89990234375","100800"
"18/06/2019","2249.800048828125","2260","2232","2251.699951171875","84866"
"17/06/2019","2259.89990234375","2262.800048828125","2240.050048828125","2245.60009765625","107409"
"14/06/2019","2255","2262.550048828125","2236.39990234375","2252.300048828125","102702"
"13/06/2019","2257","2285.050048828125","2241.300048828125","2250.25","160534"
"12/06/2019","2249","2267","2219.5","2258.449951171875","71366"
"11/06/2019","2237.89990234375","2263","2233","2252.85009765625","121513"
"10/06/2019","2194.89990234375","2234.949951171875","2189.25","2231.10009765625","94323"
"07/06/2019","2177","2189","2145.199951171875","2178.949951171875","84031"
"06/06/2019","2199","2199","2151.449951171875","2167.39990234375","125991"
"04/06/2019","2226","2226","2175","2182.449951171875","111042"
"03/06/2019","2207.800048828125","2248","2186","2240.35009765625","292099"
