<?xml version="1.0" encoding="UTF-8"?>
<!DOCTYPE configuremap [
<!ELEMENT configuremap (configure)+>
<!ELEMENT configure (#PCDATA)>
<!ATTLIST configure name CDATA #REQUIRED>
<!ATTLIST configure value CDATA #REQUIRED>
]>
<configuremap>
  <configure name="NAME" value="ImageMagick"/>
  <configure name="LIB_VERSION" value="0x708"/>
  <configure name="LIB_VERSION_NUMBER" value="7,0,8,64"/>
  <configure name="RELEASE_DATE" value="2019-09-08"/>
  <configure name="VERSION" value="7.0.8"/>
  <configure name="CC" value="VS2013"/>
  <configure name="HOST" value="Windows"/>
  <configure name="COPYRIGHT" value="Copyright (C) 1999-2019 ImageMagick Studio LLC"/>
  <configure name="WEBSITE" value="http://www.imagemagick.org"/>
</configuremap>
